466cdf1d2d9d2b231541641af30361f5ac437e7c,DELETE,regular-file,images/Scan_1.jpg,30994,
466cdf1d2d9d2b231541641af30361f5ac437e7c,DELETE,regular-file,images/Scan_10.jpg,30994,
8b9feed6b9caa530e45f0abf0d9de3b0ba0fefa9,DELETE,regular-file,images/Scan_11.jpg,62164,
e947a150a49f5374007ee41cf33e00af21eba7c9,DELETE,regular-file,images/Scan_12.jpg,93501,
466cdf1d2d9d2b231541641af30361f5ac437e7c,DELETE,regular-file,images/Scan_13.jpg,30994,
8b9feed6b9caa530e45f0abf0d9de3b0ba0fefa9,DELETE,regular-file,images/Scan_14.jpg,62164,
e947a150a49f5374007ee41cf33e00af21eba7c9,DELETE,regular-file,images/Scan_15.jpg,93501,
466cdf1d2d9d2b231541641af30361f5ac437e7c,DELETE,regular-file,images/Scan_16.jpg,30994,
8b9feed6b9caa530e45f0abf0d9de3b0ba0fefa9,DELETE,regular-file,images/Scan_17.jpg,62164,
e947a150a49f5374007ee41cf33e00af21eba7c9,DELETE,regular-file,images/Scan_18.jpg,93501,
466cdf1d2d9d2b231541641af30361f5ac437e7c,DELETE,regular-file,images/Scan_19.jpg,30994,
8b9feed6b9caa530e45f0abf0d9de3b0ba0fefa9,DELETE,regular-file,images/Scan_2.jpg,62164,
8b9feed6b9caa530e45f0abf0d9de3b0ba0fefa9,DELETE,regular-file,images/Scan_20.jpg,62164,
e947a150a49f5374007ee41cf33e00af21eba7c9,DELETE,regular-file,images/Scan_21.jpg,93501,
e947a150a49f5374007ee41cf33e00af21eba7c9,DELETE,regular-file,images/Scan_3.jpg,93501,
466cdf1d2d9d2b231541641af30361f5ac437e7c,DELETE,regular-file,images/Scan_4.jpg,30994,
8b9feed6b9caa530e45f0abf0d9de3b0ba0fefa9,DELETE,regular-file,images/Scan_5.jpg,62164,
e947a150a49f5374007ee41cf33e00af21eba7c9,DELETE,regular-file,images/Scan_6.jpg,93501,
466cdf1d2d9d2b231541641af30361f5ac437e7c,DELETE,regular-file,images/Scan_7.jpg,30994,
8b9feed6b9caa530e45f0abf0d9de3b0ba0fefa9,DELETE,regular-file,images/Scan_8.jpg,62164,
e947a150a49f5374007ee41cf33e00af21eba7c9,DELETE,regular-file,images/Scan_9.jpg,93501,